Check / scope / asset,Actual asset units,Expected asset units,Difference units,Tolerance units,Status,Actual exact (text),Expected exact (text),Evidence / interpretation,Source URL
Private claims equal funded allocation [GMI],120000000,120000000,0,1e-06,OK,120000000.000000000000000000,120000000,Five actual payout receipts; excludes unrelated GMI inflows and liquidity returns. Numeric checks allow Excel rounding to one-millionth of a token; accompanying integer evidence has zero residual.,https://bscscan.com/address/0x74e0ddf89807107378beb02e6bc504243e0cdf6c
Funded schedules match opening deposits [GMI],15456885.88290795,15456885.88290853,-5.811452865600586e-07,1e-06,OK,15456885.882908530406846,15456885.882908530406846,"7,495 funded schedules; 39 opening transactions including 10 GMI split over two initial records. Numeric checks allow Excel rounding to one-millionth of a token; accompanying integer evidence has zero residual.",https://bscscan.com/address/0xf50488dc8339fb7d1d5a8e8b401c4a5d71a090bb
Pre-withdrawal outstanding equals vault [GMI],14923065.568266504,14923065.568267085,-5.811452865600586e-07,1e-06,OK,14923065.568267084392219941,14923065.568267084392219941,Block22786455: original funded book fully backed at this observation. Numeric checks allow Excel rounding to one-millionth of a token; accompanying integer evidence has zero residual.,https://bscscan.com/address/0xf50488dc8339fb7d1d5a8e8b401c4a5d71a090bb
No claimed-counter change during withdrawal [GMI],0,0,0,1e-06,OK,0,0,"All7495 complete records also byte-identical in raw pre/post reads, a stronger check than this aggregate formula. Numeric checks allow Excel rounding to one-millionth of a token; accompanying integer evidence has zero residual.",https://bscscan.com/address/0xf50488dc8339fb7d1d5a8e8b401c4a5d71a090bb
Post-withdrawal deficit [GMI],13999999.999999419,14000000,-5.811452865600586e-07,1e-06,OK,14000000,14000000,Block22786456: spending-allowance transfer reduces vault while funded-book obligations remain. Numeric checks allow Excel rounding to one-millionth of a token; accompanying integer evidence has zero residual.,https://bscscan.com/address/0xf50488dc8339fb7d1d5a8e8b401c4a5d71a090bb
Current mature unpaid allocations [GMI],14000207.412328823,14000207.412329404,-5.811452865600586e-07,1e-06,OK,14000207.412329404181026961,14000207.412329404181026961,All original schedules matured by Jan14 2023; current fixedblock120235949. Numeric checks allow Excel rounding to one-millionth of a token; accompanying integer evidence has zero residual.,https://bscscan.com/address/0xf50488dc8339fb7d1d5a8e8b401c4a5d71a090bb
Current token deficit [GMI],13999999.999999419,14000000,-5.811452865600586e-07,1e-06,OK,14000000,14000000,Original funded book only; no attribution of human responsibility. Numeric checks allow Excel rounding to one-millionth of a token; accompanying integer evidence has zero residual.,https://bscscan.com/address/0xf50488dc8339fb7d1d5a8e8b401c4a5d71a090bb
Funding minus claims and bulk outflow equals vault [GMI],207.41232882253826,207.41232940418104,-5.816427801619284e-07,1e-06,OK,207.412329404181026961,207.412329404181026961,Exact integer identity establishes aggregate accounting; not a complete calendar census of every transfer. Numeric checks allow Excel rounding to one-millionth of a token; accompanying integer evidence has zero residual.,https://bscscan.com/address/0xf50488dc8339fb7d1d5a8e8b401c4a5d71a090bb
Private beneficiary GMI account closes [GMI],-1.4901161193847656e-08,0,-1.4901161193847656e-08,1e-06,OK,0E-18,0,Opening and ending GMI balances zero across reconstructed Nov4 2022 to Feb26 2023 disposal period. Excludes intermediary sweeps to avoid double counting. Numeric checks allow Excel rounding to one-millionth of a token; accompanying integer evidence has zero residual.,https://bscscan.com/address/0x36048413c4edf0cf3e633aab317fcd9824dfb4d4
Private exchange-wallet arrivals [GMI],18000000,18000000,0,1e-06,OK,18000000,18000000,Three 5m transfers and one 3m transfer. Does not establish off-chain credit or sale. Numeric checks allow Excel rounding to one-millionth of a token; accompanying integer evidence has zero residual.,https://bscscan.com/address/0x36048413c4edf0cf3e633aab317fcd9824dfb4d4
Private BUSD receipts match F4F forwards [BUSD],-9.094947017729282e-13,0,-9.094947017729282e-13,1e-06,OK,0E-18,0,Aggregate amount equality. Includes later CAKE conversion; does not identify recipient or prove all underlying commingled units share one origin. Numeric checks allow Excel rounding to one-millionth of a token; accompanying integer evidence has zero residual.,https://bscscan.com/address/0x36048413c4edf0cf3e633aab317fcd9824dfb4d4
,,,,,,,,,
,,,,,,,,,
NUMERIC CHECK STATUS,NUMERIC CHECK STATUS,NUMERIC CHECK STATUS,OK WITH STATED SCOPE,,,Exact amounts and the evidence archive control where Excel’s finite numeric precision differs. Reconciliation does not identify a wallet’s human owner or an exchange customer.,Exact amounts and the evidence archive control where Excel’s finite numeric precision differs. Reconciliation does not identify a wallet’s human owner or an exchange customer.,Exact amounts and the evidence archive control where Excel’s finite numeric precision differs. Reconciliation does not identify a wallet’s human owner or an exchange customer.,Exact amounts and the evidence archive control where Excel’s finite numeric precision differs. Reconciliation does not identify a wallet’s human owner or an exchange customer.
,,,,,,Exact amounts and the evidence archive control where Excel’s finite numeric precision differs. Reconciliation does not identify a wallet’s human owner or an exchange customer.,Exact amounts and the evidence archive control where Excel’s finite numeric precision differs. Reconciliation does not identify a wallet’s human owner or an exchange customer.,Exact amounts and the evidence archive control where Excel’s finite numeric precision differs. Reconciliation does not identify a wallet’s human owner or an exchange customer.,Exact amounts and the evidence archive control where Excel’s finite numeric precision differs. Reconciliation does not identify a wallet’s human owner or an exchange customer.
,,,,,,,,,
SOURCE BALANCES USED IN FORMULAS,SOURCE BALANCES USED IN FORMULAS,SOURCE BALANCES USED IN FORMULAS,SOURCE BALANCES USED IN FORMULAS,SOURCE BALANCES USED IN FORMULAS,SOURCE BALANCES USED IN FORMULAS,SOURCE BALANCES USED IN FORMULAS,SOURCE BALANCES USED IN FORMULAS,SOURCE BALANCES USED IN FORMULAS,SOURCE BALANCES USED IN FORMULAS
Observation,Balance GMI,Exact amount (text),Input key,,,Source URL,,Evidence / snapshot,
Launchpool vault before withdrawal,14923065.568267085,14923065.568267084392219941,PRE_BALANCE,,,https://bscscan.com/address/0xf50488dc8339fb7d1d5a8e8b401c4a5d71a090bb,,Historical balanceOf at block22786455; raw integer evidence archived.,
Launchpool vault after withdrawal,923065.5682670844,923065.568267084392219941,POST_BALANCE,,,https://bscscan.com/address/0xf50488dc8339fb7d1d5a8e8b401c4a5d71a090bb,,Historical balanceOf at block22786456; raw integer evidence archived.,
Launchpool vault at observation,207.41232940418104,207.412329404181026961,CURRENT_BALANCE,,,https://bscscan.com/address/0xf50488dc8339fb7d1d5a8e8b401c4a5d71a090bb,,Historical balanceOf at fixedblock120235949; raw integer evidence archived.,
,,,,,,,,,
