ID,Source / scope,URL,Notes and limitations
S1,BNB Smart Chain transaction receipts,https://bscscan.com/,Each transfer has its own transaction URL. Underlying RPC requests/responses retained in evidence archive; chain ID 56.
S2,Historical archive RPC,https://docs-demo.bsc.quiknode.pro/,"Historical logs, state, block headers and call traces; read-only queries. Raw provenance accompanies evidence."
S3,BNB Chain public RPC,https://bsc-dataseed.bnbchain.org,Independent historical receipt checks for central November transactions.
S4,Chainlink oracle API,https://docs.chain.link/data-feeds/api-reference,"latestRoundData, updatedAt and decimals; feed identities and historical answers retained. Prices at previous completed block, not exact fill guarantees."
S5,Bank of Canada daily FX,https://www.bankofcanada.ca/rates/exchange/daily-exchange-rates/,USD/CAD daily average; non-business dates use prior available observation. FX date shown per row; not intraday FX.
S6,MEXC published BSC wallet,https://mexcglobal.medium.com/recent-rumors-against-mexc-global-clarified-7205e6828907,"12 July 2021, section 5 identifies 0x4982085c9e2f89f2ecb8131eca71afad896e89cb as MEXC wallet. Supports service attribution only."
S7,FixedFloat wallet label,https://etherscan.io/address/0x4727250679294802377dd6ca6541b8e459077c95,"Current Ethereum explorer label based on hildobby compilation. Supplemented by a later FixedFloat administrator statement naming the exact BSC address, preserved separately at S18-S19. Neither record discloses the November 2022 customer or order."
S8,GamiFi CEO announcement,https://gamifi-launchpad.medium.com/new-ceo-for-gamifi-451f0e5a2147,1 September 2022 announcement of Eleanor Rooney precedes November transfers; no signer human identity established.
S9,Safe transaction service,https://safe-transaction-bsc.safe.global/,"Creation, owners and signed transaction metadata checked against historical chain state and recovered signatures."
S10,GMI/WBNB pool,https://bscscan.com/address/0x58d4b61983ca0afe6e352e90719f403e24e016f4,Token0 GMI; token1 WBNB. Reserve ratio is marginal and can be stale or uneconomic for large amounts.
S11,Chainlink BNB/USD,https://bscscan.com/address/0x0567f2323251f0aab15c8dfb1967e4e8a7d42aee,Eight decimal places; historical oracle answer and update timestamp saved.
S12,Chainlink BUSD/USD,https://bscscan.com/address/0xcbb98864ef56e9042e7d2efef76141f15731b82f,Eight decimal places; used for BUSD transfers rather than assuming an exact one-dollar peg.
S13,CAKE/USD historical oracle,https://bscscan.com/address/0xb6064ed41d4f67e353768aa239ca86f4f73665a1,"Historical description,decimals and answer verified; applies only to actual CAKE transfer marks."
S14,MEXC current wallet disclosure,https://www.mexc.com/nb-NO/proof-of-reserve?page=34,Successful search-index retrieval lists2e8f79...25e64; current disclosure does not establish historical customer credit.
S15,MEXC record-access guidance,https://www.mexc.com/support/article/law-enforcement-guidelines-4403594593434,Current provider guidance; restricted to authorized agency/judicial officials. No request sent.
S16,FixedFloat support,https://ff.io/support,Current published contact routes for record requests. A later public business statement supports the BSC wallet attribution; the November 2022 order/payout mapping still requires service confirmation.
S17,GamiFi October operating update,https://gamifi-launchpad.medium.com/gamifi-update-f8d6326f1780,"3Oct2022 announcement of IDO pause; business context, not transaction-specific authority."
S18,"FixedFloat public BSC wallet statement, 10 May 2025",https://www.bestchange.ru/fixedfloat-exchanger-79.html,"An Administrator FixedFloat reply dated 10 May 2025, 12:47, names 0x4727250679294802377dd6ca6541b8e459077c95 as a main service address on BSC. This later business statement strengthens attribution of the address; it does not establish a November 2022 customer, order or payout mapping. The accompanying report preserves the statement and its provenance."
S19,FixedFloat FAQ identifying its BestChange channel,https://ff.io/ru/faq,"The service's own FAQ points to its BestChange reviews channel, supporting the provenance of the later business statement at S18. This current page is not a historical November 2022 order record."
S20,Chainlink USDT/USD on BNB Chain,https://data.chain.link/feeds/bsc/mainnet/usdt-usd,"Standard BSC USDT/USD proxy 0xb97ad0e74fa7d920791e90258a6e2085088b4320. Historical description and eight-decimal scale are checked at each new required pre-transaction block. USDT is valued with the recorded USD oracle answer, not an assumed exact dollar peg."
S21,Chainlink BTC/USD on BNB Chain; BTCB basis mark,https://data.chain.link/feeds/bsc/mainnet/btc-usd,Standard BSC BTC/USD proxy 0x264990fbd0a4796a3e3d8e37c4d5f87a3aca5ebf. Historical description and eight-decimal scale are checked at the pre-transaction block. BTCB uses a stated one-BTC-underlying-exposure basis per BTCB; wrapper/basis risk is not priced separately and the USD mark is not realized USD proceeds.
