Flow,Asset,Asset units,USD valued subset,CAD valued subset,Valued / rows,Meaning / limits,Category key
Private funding,GMI,120000000,5769088.344546273,7228090.786882025,1 / 1,"120m GMI allocation into vesting. Very theoretical marginal mark, not cash invested.",Private funding
Private other forwarding GMI,GMI,244428.1045,2006.082896160631,2561.6330953739384,9 / 9,Further transfer from commingled wallet assets; not wholly attributable to the 120m allocation.,Private other forwarding GMI
"Project IDs 1, 3, 4 withdrawals",BUSD,2362.5,2362.50207195,2976.7166934095603,3 / 3,Three earlier project withdrawals. Do not assume all were commercial raises.,"Project IDs 1, 3, 4 withdrawals"
Private earlier other incoming GMI,GMI,10000,168.3535340813674,214.14569535149934,1 / 1,Separately categorized account movement; consult row notes. Do not add across overlapping categories.,Private earlier other incoming GMI
Private other forwarding BUSD,BUSD,2000,1999.8497200000002,2543.8088438400005,1 / 1,Further transfer from commingled wallet assets; not wholly attributable to the 120m allocation.,Private other forwarding BUSD
Project IDs 6–9 withdrawals,BUSD,60639.317377359366,60656.65603033771,76763.97003865831,4 / 4,Actual BUSD moved out of four project balances; purposes not independently established.,Project IDs 6–9 withdrawals
Launchpool upstream funding,GMI,15456881,216583.67692158796,273415.2337458127,2 / 2,Prior transfers into the funding wallet; overlaps later deposits.,Launchpool upstream funding
Launchpool opening deposits,GMI,15456885.88290853,213274.64769836955,269237.91525442165,39 / 39,"39 token deposits on 19 April 2022. Market marks, not cash raised.",Launchpool opening deposits
Private onward transfers BNB,BNB,27.3368013802916,9376.757389013332,12584.655537859873,7 / 7,Further transfer from commingled wallet assets; not wholly attributable to the 120m allocation.,Private onward transfers BNB
Private vesting claims,GMI,120000000,22859.763726082394,30902.872302693937,5 / 5,Five receipt-verified claims sum to the complete 120m allocation. Marks are not sale proceeds.,Private vesting claims
Private sale inputs,GMI,103642447.95640941,10884.677919223966,14640.80273665738,42 / 42,GMI sold by the beneficiary across the reconstructed period; includes commingled liquidity-related tokens.,Private sale inputs
Private sale proceeds WBNB,WBNB,2.2960914255417975,820.8033350825971,1109.4798680311465,1 / 1,Actual WBNB received from direct GMI sales. Gross of gas; later conversions must not be added.,Private sale proceeds WBNB
Private sale proceeds BUSD,BUSD,5361.649777056501,5362.43543757856,7219.5866534984025,25 / 25,Actual BUSD received from direct GMI sales. Gross of gas; later conversions must not be added.,Private sale proceeds BUSD
Private unwrap input WBNB,WBNB,2.2960914255417975,819.8768457753373,1108.2275324345233,1 / 1,Asset conversion or wrapping step; overlaps the earlier asset receipt and is not new GMI-sale revenue.,Private unwrap input WBNB
Private unwrap output BNB,BNB,2.2960914255417975,819.8768457753373,1108.2275324345233,1 / 1,Asset conversion or wrapping step; overlaps the earlier asset receipt and is not new GMI-sale revenue.,Private unwrap output BNB
Private exchange intermediary,GMI,18000000,2153.7700889197554,2907.675022834054,4 / 4,18m GMI forwarded to the same intermediary; overlaps its later 15m/3m exchange-wallet sweeps.,Private exchange intermediary
Private MEXC 2e8 receipt,GMI,15000000,1921.2721628095487,2595.646489484092,3 / 3,Three 5m sweeps to currently disclosed/labeled MEXC wallet. Historical customer credit and sale unproved.,Private MEXC 2e8 receipt
Launchpool November outflow,GMI,14000000,2675.879453059997,3616.986256701198,1 / 1,"14m GMI subset of the combined 44m withdrawal. Marginal mark, not realized proceeds.",Launchpool November outflow
Other November outflows,GMI,30000000,5734.02739941428,7750.684835788281,2 / 2,23m and 7m GMI from two other proxy contracts; combined with Launchpool tokens.,Other November outflows
November gas links,BNB,0.021192766233850895,7.619091101653415,10.29872544210492,3 / 3,"Three native BNB transfers; gas funding/residual links, not sale proceeds.",November gas links
November sale input,GMI,44000000,8410.140694840322,11367.987177215662,1 / 1,Same 44m GMI sold; not additional assets beyond the three outflow rows.,November sale input
November sale proceeds,BUSD,5174.29339400511,5174.144012154825,6993.8904612296765,1 / 1,"Actual stablecoin output of the combined 44m GMI sale, converted at the then-available oracle.",November sale proceeds
November stablecoin forward,BUSD,5174,5173.90055572,6993.561381166724,1 / 1,Next hop of the same sale proceeds.,November stablecoin forward
November service sweep,BUSD,5174,5173.90055572,6993.561381166724,1 / 1,"Same 5,174 BUSD. A May 2025 FixedFloat administrator statement names this BSC service address; November 2022 custody, order and customer remain unresolved.",November service sweep
Private BUSD forwarded to F4F,BUSD,5411.003865738105,5411.280290933064,7278.794753127537,10 / 10,"Ten transfers match aggregate GMI-sale BUSD plus the later CAKE conversion. F4F is address shorthand for the unidentified onward wallet, not verified FixedFloat control. No additional income or human attribution.",Private BUSD forwarded to F4F
Private liquidity add refund BNB,BNB,3.0000000000000002e-18,1.0364897190400001e-15,1.400224361226368e-15,3 / 3,Separately categorized account movement; consult row notes. Do not add across overlapping categories.,Private liquidity add refund BNB
Private liquidity deposits BNB,BNB,11.779827980541796,4087.48350461295,5522.655077185324,3 / 3,"BNB supplied to liquidity operations; returned gas-asset refunds, if any, appear separately.",Private liquidity deposits BNB
Private liquidity deposits GMI,GMI,27942179.939494282,4087.48350461295,5522.655077185324,3 / 3,"GMI supplied to liquidity operations; returned gas-asset refunds, if any, appear separately.",Private liquidity deposits GMI
Private LP token receipts,GMI-WBNB LP,9177.891351247918,8175.011696168629,11045.370469621512,3 / 3,LP shares received for underlying assets contributed; not new proceeds.,Private LP token receipts
Private liquidity returns BNB,BNB,11.149287235974375,4066.270807868682,5460.63384446032,2 / 2,BNB received by redeeming liquidity shares. Includes recovery of invested assets; not sale profit.,Private liquidity returns BNB
Private LP tokens redeemed,GMI-WBNB LP,9177.891351247918,8132.671308798139,10921.441620682403,2 / 2,LP shares surrendered for underlying assets; do not double-count redemption outputs.,Private LP tokens redeemed
Private liquidity returns GMI,GMI,29574727.895903673,4066.2708078686824,5460.63384446032,2 / 2,GMI received by redeeming liquidity shares. Includes recovery of invested assets; not sale profit.,Private liquidity returns GMI
Private sale proceeds BNB,BNB,12.733084792018609,3993.650428135792,5359.267508973035,15 / 15,Actual BNB received from direct GMI sales. Gross of gas; later conversions must not be added.,Private sale proceeds BNB
Private other incoming GMI,GMI,9900,0.725517704683153,0.9902591151220356,1 / 1,Separately categorized account movement; consult row notes. Do not add across overlapping categories.,Private other incoming GMI
Private sale proceeds CAKE,CAKE,13.065639141470577,49.50075613636131,67.12797539651957,1 / 1,Actual CAKE received from direct GMI sales. Gross of gas; later conversions must not be added.,Private sale proceeds CAKE
Private asset conversion input CAKE,CAKE,13.065639141470577,49.56335335217531,67.21286348088495,1 / 1,Asset conversion or wrapping step; overlaps the earlier asset receipt and is not new GMI-sale revenue.,Private asset conversion input CAKE
Private asset conversion output BUSD,BUSD,49.354088681602484,49.34885517403868,66.92198250151387,1 / 1,Asset conversion or wrapping step; overlaps the earlier asset receipt and is not new GMI-sale revenue.,Private asset conversion output BUSD
Private MEXC 4982 receipt,GMI,3000000,231.97592679983018,311.3348913580521,1 / 1,3m GMI swept to first-party-disclosed MEXC wallet. Same tokens as prior intermediary transfer.,Private MEXC 4982 receipt
Launchpool January coverage crossing,GMI,8309.56763892731,0.7466036690205675,0.9982091054804988,1 / 1,One normal claim; overlaps the full-book claimed-counter sum on Reconciliation.,Launchpool January coverage crossing
Onward swap inputs GMI,GMI,4816523.694499999,915.4503330235464,1255.3519161022161,3 / 3,"Gross later wallet activity; not wholly attributed to GMI-derived receipts. Separate inputs, outputs and later transfers can describe successive use of the same assets.",Onward swap inputs GMI
Onward swap outputs BNB,BNB,2.6793612169176413,718.177817875583,984.8321454089926,2 / 2,"Gross later wallet activity; not wholly attributed to GMI-derived receipts. Separate inputs, outputs and later transfers can describe successive use of the same assets.",Onward swap outputs BNB
Onward network fees BNB,BNB,0.011693048999999997,3.6048282237502076,4.8982337195259245,24 / 24,"Native transaction cost from successful or failed receipts, as recorded. Network fee is not a named recipient wallet or bank payout.",Onward network fees BNB
Onward swap outputs USDT,USDT,8648.072229292266,8649.103173085496,11641.69764678014,4 / 4,"Gross later wallet activity; not wholly attributed to GMI-derived receipts. Separate inputs, outputs and later transfers can describe successive use of the same assets.",Onward swap outputs USDT
Onward wallet transfers USDT,USDT,25906.285983337104,25906.285983337104,35478.49696895017,3 / 3,"Gross later wallet activity; not wholly attributed to GMI-derived receipts. Separate inputs, outputs and later transfers can describe successive use of the same assets.",Onward wallet transfers USDT
Onward swap inputs BNB,BNB,30,10020.7248396,13511.21738026078,4 / 4,"Gross later wallet activity; not wholly attributed to GMI-derived receipts. Separate inputs, outputs and later transfers can describe successive use of the same assets.",Onward swap inputs BNB
Onward returns to private wallet BNB,BNB,12,4173.21799551,5638.534234530866,4 / 4,Counterflow from the commingled onward wallet to the private beneficiary wallet. Kept separate from outward payments; ownership and exclusive origin remain unproved.,Onward returns to private wallet BNB
Onward swap inputs USDT,USDT,204.6190099022113,204.6190099022113,276.583515684819,1 / 1,"Gross later wallet activity; not wholly attributed to GMI-derived receipts. Separate inputs, outputs and later transfers can describe successive use of the same assets.",Onward swap inputs USDT
Onward swap outputs BUSD,BUSD,1968.7906245592162,1968.6508350632075,2684.027847105664,3 / 3,"Gross later wallet activity; not wholly attributed to GMI-derived receipts. Separate inputs, outputs and later transfers can describe successive use of the same assets.",Onward swap outputs BUSD
Onward wallet transfers BNB,BNB,1.0243054476384035,337.7544873744739,455.8413132829714,4 / 4,"Gross later wallet activity; not wholly attributed to GMI-derived receipts. Separate inputs, outputs and later transfers can describe successive use of the same assets.",Onward wallet transfers BNB
Onward swap inputs BTCB,BTCB,0.02,341.12160000000006,465.2898624000001,1 / 1,"BTC-underlying reference assumption: one BTC of exposure per BTCB, priced with the historical BTC/USD oracle. Not an executable BTCB price or realized USD proceeds; wrapper/basis risk is not separately valued.",Onward swap inputs BTCB
Onward wallet transfers BUSD,BUSD,6590,6589.9922897,8988.749483150801,1 / 1,"Gross later wallet activity; not wholly attributed to GMI-derived receipts. Separate inputs, outputs and later transfers can describe successive use of the same assets.",Onward wallet transfers BUSD
,,,,,,,
,,,,,,,
,,,,,,,
READING AND VERIFICATION,READING AND VERIFICATION,READING AND VERIFICATION,READING AND VERIFICATION,READING AND VERIFICATION,READING AND VERIFICATION,READING AND VERIFICATION,READING AND VERIFICATION
Transfer legs,262,Blank dollar values mean no supported price was supplied. Coverage shows how many rows have a price; a subtotal with partial coverage values only that subset.,Blank dollar values mean no supported price was supplied. Coverage shows how many rows have a price; a subtotal with partial coverage values only that subset.,Blank dollar values mean no supported price was supplied. Coverage shows how many rows have a price; a subtotal with partial coverage values only that subset.,Blank dollar values mean no supported price was supplied. Coverage shows how many rows have a price; a subtotal with partial coverage values only that subset.,Blank dollar values mean no supported price was supplied. Coverage shows how many rows have a price; a subtotal with partial coverage values only that subset.,Blank dollar values mean no supported price was supplied. Coverage shows how many rows have a price; a subtotal with partial coverage values only that subset.
Price available,262,Blank dollar values mean no supported price was supplied. Coverage shows how many rows have a price; a subtotal with partial coverage values only that subset.,Blank dollar values mean no supported price was supplied. Coverage shows how many rows have a price; a subtotal with partial coverage values only that subset.,Blank dollar values mean no supported price was supplied. Coverage shows how many rows have a price; a subtotal with partial coverage values only that subset.,Blank dollar values mean no supported price was supplied. Coverage shows how many rows have a price; a subtotal with partial coverage values only that subset.,Blank dollar values mean no supported price was supplied. Coverage shows how many rows have a price; a subtotal with partial coverage values only that subset.,Blank dollar values mean no supported price was supplied. Coverage shows how many rows have a price; a subtotal with partial coverage values only that subset.
Price unavailable,0,Black: formulas on this sheet. Green: formulas referencing Transfers. Navy: imported records. No scenario inputs are colored blue. Exact amount text is preserved because Excel numeric cells have limited precision.,Black: formulas on this sheet. Green: formulas referencing Transfers. Navy: imported records. No scenario inputs are colored blue. Exact amount text is preserved because Excel numeric cells have limited precision.,Black: formulas on this sheet. Green: formulas referencing Transfers. Navy: imported records. No scenario inputs are colored blue. Exact amount text is preserved because Excel numeric cells have limited precision.,Black: formulas on this sheet. Green: formulas referencing Transfers. Navy: imported records. No scenario inputs are colored blue. Exact amount text is preserved because Excel numeric cells have limited precision.,Black: formulas on this sheet. Green: formulas referencing Transfers. Navy: imported records. No scenario inputs are colored blue. Exact amount text is preserved because Excel numeric cells have limited precision.,Black: formulas on this sheet. Green: formulas referencing Transfers. Navy: imported records. No scenario inputs are colored blue. Exact amount text is preserved because Excel numeric cells have limited precision.
,,Black: formulas on this sheet. Green: formulas referencing Transfers. Navy: imported records. No scenario inputs are colored blue. Exact amount text is preserved because Excel numeric cells have limited precision.,Black: formulas on this sheet. Green: formulas referencing Transfers. Navy: imported records. No scenario inputs are colored blue. Exact amount text is preserved because Excel numeric cells have limited precision.,Black: formulas on this sheet. Green: formulas referencing Transfers. Navy: imported records. No scenario inputs are colored blue. Exact amount text is preserved because Excel numeric cells have limited precision.,Black: formulas on this sheet. Green: formulas referencing Transfers. Navy: imported records. No scenario inputs are colored blue. Exact amount text is preserved because Excel numeric cells have limited precision.,Black: formulas on this sheet. Green: formulas referencing Transfers. Navy: imported records. No scenario inputs are colored blue. Exact amount text is preserved because Excel numeric cells have limited precision.,Black: formulas on this sheet. Green: formulas referencing Transfers. Navy: imported records. No scenario inputs are colored blue. Exact amount text is preserved because Excel numeric cells have limited precision.
,,,,,,,
"Use Transfers filters to inspect a category. Columns N–R retain complete hashes, addresses, exact amounts and source URLs. Sources documents valuation and FX conventions. No grand total is provided for non-additive flows.","Use Transfers filters to inspect a category. Columns N–R retain complete hashes, addresses, exact amounts and source URLs. Sources documents valuation and FX conventions. No grand total is provided for non-additive flows.","Use Transfers filters to inspect a category. Columns N–R retain complete hashes, addresses, exact amounts and source URLs. Sources documents valuation and FX conventions. No grand total is provided for non-additive flows.","Use Transfers filters to inspect a category. Columns N–R retain complete hashes, addresses, exact amounts and source URLs. Sources documents valuation and FX conventions. No grand total is provided for non-additive flows.","Use Transfers filters to inspect a category. Columns N–R retain complete hashes, addresses, exact amounts and source URLs. Sources documents valuation and FX conventions. No grand total is provided for non-additive flows.","Use Transfers filters to inspect a category. Columns N–R retain complete hashes, addresses, exact amounts and source URLs. Sources documents valuation and FX conventions. No grand total is provided for non-additive flows.","Use Transfers filters to inspect a category. Columns N–R retain complete hashes, addresses, exact amounts and source URLs. Sources documents valuation and FX conventions. No grand total is provided for non-additive flows.","Use Transfers filters to inspect a category. Columns N–R retain complete hashes, addresses, exact amounts and source URLs. Sources documents valuation and FX conventions. No grand total is provided for non-additive flows."
"Use Transfers filters to inspect a category. Columns N–R retain complete hashes, addresses, exact amounts and source URLs. Sources documents valuation and FX conventions. No grand total is provided for non-additive flows.","Use Transfers filters to inspect a category. Columns N–R retain complete hashes, addresses, exact amounts and source URLs. Sources documents valuation and FX conventions. No grand total is provided for non-additive flows.","Use Transfers filters to inspect a category. Columns N–R retain complete hashes, addresses, exact amounts and source URLs. Sources documents valuation and FX conventions. No grand total is provided for non-additive flows.","Use Transfers filters to inspect a category. Columns N–R retain complete hashes, addresses, exact amounts and source URLs. Sources documents valuation and FX conventions. No grand total is provided for non-additive flows.","Use Transfers filters to inspect a category. Columns N–R retain complete hashes, addresses, exact amounts and source URLs. Sources documents valuation and FX conventions. No grand total is provided for non-additive flows.","Use Transfers filters to inspect a category. Columns N–R retain complete hashes, addresses, exact amounts and source URLs. Sources documents valuation and FX conventions. No grand total is provided for non-additive flows.","Use Transfers filters to inspect a category. Columns N–R retain complete hashes, addresses, exact amounts and source URLs. Sources documents valuation and FX conventions. No grand total is provided for non-additive flows.","Use Transfers filters to inspect a category. Columns N–R retain complete hashes, addresses, exact amounts and source URLs. Sources documents valuation and FX conventions. No grand total is provided for non-additive flows."
,,,,,,,
